warehouse_name,sku_id,order_date,user_id,min,max,price_diff
India,0282337,2023-09-05,c1a7895,163.8,315.6,151.8
India,030c4f4,2023-09-01,d99ddb8,389.79,779.58,389.79
India,060e232,2023-10-10,b9e9f55,88.08,352.32,264.24
India,060e232,2023-10-20,a1de9f4,88.08,352.32,264.24
India,0934276,2022-10-06,d696a92,383.6,390.92,7.319999999999993
India,0c2ef6f,2023-09-15,2c6933c,132.66,265.32,132.66
India,0eeddec,2023-10-17,86b6a8b,323.40000000000003,970.2,646.8
India,0f22894,2022-09-03,2eea227,669.6,4017.6000000000004,3348.0000000000005
India,0f22894,2022-09-17,1d3baf5,669.6,4017.6,3348.0
India,0f22894,2022-09-20,62e6a37,669.6,4017.6000000000004,3348.0000000000005
India,0f22894,2022-09-23,04ef5c6,669.6,4017.6000000000004,3348.0000000000005
India,0f22894,2022-09-23,d696a92,669.6,4017.6000000000004,3348.0000000000005
India,12062d8,2023-09-24,5d9379f,290.46,1161.84,871.3799999999999
India,1b8e316,2023-11-17,86b6a8b,311.52,1869.12,1557.6
India,2080232,2023-10-28,d0219b2,399.0,2394.0,1995.0
India,2128ae0,2023-09-29,7ce675b,346.86,1387.44,1040.58
India,2141a7c,2023-09-19,4da2aa9,1238.94,3716.82,2477.88
India,217c85f,2023-11-03,5f46d16,376.06,752.12,376.06
India,23db20f,2023-09-18,2cb97a1,492.16,984.32,492.16
India,2856c75,2023-09-01,4c5b442,648.1,1296.2,648.1
India,2856c75,2023-11-04,5e39835,648.1,1296.2,648.1
India,293e74f,2022-10-04,356e791,279.71999999999997,6713.28,6433.5599999999995
India,2a975cd,2022-10-09,ace8192,259.5,2595.0,2335.5
India,2c599d7,2023-09-05,a04f866,358.0,716.0,358.0
India,2c599d7,2023-09-30,3635417,372.58,745.16,372.58
India,2d3ccce,2023-11-16,7417b20,229.5,918.0,688.5
India,30c4ba6,2023-11-19,eb65160,210.0,420.0,210.0
India,32c9741,2023-11-22,b4e42c4,3927.4800000000005,3927.480000000001,4.547473508864641e-13
India,341db98,2022-09-05,ca2a9e3,116.66,118.92,2.260000000000005
India,37f0b36,2023-11-17,86b6a8b,372.57,1490.28,1117.71
India,39d9285,2023-09-29,059a915,223.3,446.59999999999997,223.29999999999995
India,3f578f2,2022-10-06,d696a92,1827.8,1980.0,152.20000000000005
India,47277ee,2022-10-07,0b70041,358.17,2811.84,2453.67
India,47277ee,2022-10-09,01be615,351.48,2811.84,2460.36
India,4a71629,2022-09-29,ca2a9e3,51.76,51.760000000000005,7.105427357601002e-15
India,4d114e3,2023-09-19,7c6138c,97.56,1170.72,1073.16
India,5298282,2023-09-24,d778268,120.96,483.84,362.88
India,53010d8,2022-10-23,2c4788d,397.44,4769.28,4371.84
India,54395c9,2023-09-17,7000aff,88.05,176.1,88.05
India,5778589,2022-11-06,ace8192,376.34,4516.08,4139.74
India,58dd10a,2022-09-10,3800355,187.2,6739.2,6552.0
India,5a81d31,2022-11-21,c255611,328.26,1313.04,984.78
India,5aa375c,2023-11-22,ae0e764,700.3000000000001,2100.9,1400.6
India,5b75713,2023-09-19,059b7e1,75.6,151.2,75.6
India,604362f,2022-10-10,ca2a9e3,276.06,3792.6,3516.54
India,62b911e,2023-09-04,ae7b835,576.0,3456.0,2880.0
India,62b911e,2023-09-06,bc408bb,576.0,3456.0,2880.0
India,62e2686,2022-09-06,9af446e,190.8,1717.2,1526.4
India,6513cc6,2023-09-15,85aa89a,135.0,540.0,405.0
India,65bfed0,2023-09-29,950dc93,243.0,486.0,243.0
India,683445d,2023-11-08,93965d3,936.6,1873.2,936.6
India,6fd34e4,2022-09-26,807fb01,378.0,1855.0,1477.0
India,73780de,2023-10-17,30ae7b9,413.7000000000001,827.4000000000001,413.7
India,77f1261,2022-09-27,d99ddb8,309.84999999999997,5577.3,5267.45
India,77f1261,2022-11-01,3b2ccbb,318.7,371.58,52.879999999999995
India,788acdd,2023-09-18,c1a7895,609.5999999999999,2438.4,1828.8000000000002
India,790b8dc,2022-09-29,ca2a9e3,35.64,36.160000000000004,0.5200000000000031
India,7a0218b,2023-09-04,9c193a0,504.7,4542.3,4037.6000000000004
India,7c54778,2022-11-03,42008f1,547.66,1642.9800000000002,1095.3200000000002
India,7d3cf20,2022-10-26,faf1018,370.5,3334.5,2964.0
India,8542e11,2023-09-19,7ad4526,1416.5999999999997,1416.6,2.2737367544323206e-13
India,893d0ab,2023-09-16,f2dfdb5,159.0,318.0,159.0
India,8ae2033,2023-09-05,c1a7895,163.8,315.59999999999997,151.79999999999995
India,8ae416a,2023-11-07,32fd885,452.1,1808.4,1356.3000000000002
India,8c90c45,2023-11-17,86b6a8b,684.8100000000001,1369.62,684.8099999999998
India,8f254d4,2023-09-09,8ae266d,1108.8,2217.6,1108.8
India,90435d3,2023-10-28,ae0e764,801.0,1602.0,801.0
India,92bb935,2022-09-16,32c05a7,374.1,6733.8,6359.7
India,92bb935,2022-09-19,aaf01a5,374.1,6733.8,6359.7
India,92e3cb7,2023-09-05,c1a7895,631.1999999999999,631.2,1.1368683772161603e-13
India,92e3cb7,2023-09-05,d696a92,315.6,631.1999999999999,315.5999999999999
India,92e3cb7,2023-09-07,d9e2aee,315.6,631.2,315.6
India,934e2bd,2023-11-16,a5afc84,713.16,1426.32,713.16
India,934e2bd,2023-11-20,5561d93,713.16,1426.32,713.16
India,9396073,2023-10-28,29cab63,736.86,1473.72,736.86
India,941d30b,2022-11-12,0702599,480.3,5763.599999999999,5283.299999999999
India,967c1ac,2022-10-15,ca2a9e3,305.15999999999997,1830.96,1525.8000000000002
India,973b757,2023-11-30,53f5c77,614.15,1842.45,1228.3000000000002
India,99e1faa,2023-09-03,479f8c6,201.60000000000005,604.8000000000001,403.20000000000005
India,9ab9008,2023-11-22,a9fed01,231.0,924.0,693.0
India,9ab9008,2023-11-22,ae0e764,231.0,924.0,693.0
India,a053378,2023-11-19,570c858,476.04,952.08,476.04
India,a07d15b,2022-10-13,ace8192,316.02,2528.16,2212.14
India,ab4e967,2022-11-11,63843fe,380.64,3425.76,3045.1200000000003
India,ab4e967,2023-10-16,092c03c,195.36,1579.16,1383.8000000000002
India,ad9f51f,2022-11-09,065f5fa,403.79999999999995,403.8,5.684341886080802e-14
India,aef53bb,2023-09-09,a2e045e,607.88,1823.64,1215.7600000000002
India,aef53bb,2023-11-22,d99ddb8,607.88,1823.64,1215.7600000000002
India,af15583,2023-09-18,546005f,488.7000000000001,1954.8,1466.1
India,af2f408,2023-11-30,d99ddb8,295.74,591.48,295.74
India,af3209b,2022-10-09,984b37b,342.18,2686.4,2344.2200000000003
India,af56d0d,2022-10-10,ace8192,286.92,1721.52,1434.6
India,af6266b,2023-11-16,29cab63,30.0,60.0,30.0
India,b47a101,2023-11-20,d17a43f,412.8,825.5999999999999,412.7999999999999
India,b9e3e1b,2023-09-18,cdd0cc2,719.5999999999999,1439.1999999999998,719.5999999999999
India,b9e5f77,2022-11-11,7417605,357.6,2145.6000000000004,1788.0000000000005
India,ba2e336,2023-10-03,123d04c,294.52,883.56,589.04
India,ba2e336,2023-10-04,45479a9,292.88,878.64,585.76
India,bb1a1d4,2022-09-04,23e7511,134.78,808.6800000000001,673.9000000000001
India,bba717a,2023-09-24,2c6933c,224.1,448.2000000000001,224.1000000000001
India,bc31019,2023-11-19,bad8394,206.7,2480.4,2273.7000000000003
India,bd53d42,2023-09-29,54cb717,2289.6000000000004,4579.200000000001,2289.6000000000004
India,bd7c360,2022-11-11,b529f6c,333.0,3996.0,3663.0
India,bde1e8a,2023-10-16,f46bef2,75.0,150.0,75.0
India,be170aa,2022-09-15,9b930fe,539.8199999999999,6384.960000000001,5845.140000000001
India,bf1f3e9,2023-09-18,9c193a0,565.2,1130.4,565.2
India,bf1f3e9,2023-09-18,d99ddb8,565.2,1130.4,565.2
India,bf1f3e9,2023-10-20,e11c452,556.5999999999999,1113.1999999999998,556.5999999999999
India,bf1f3e9,2023-11-03,0ecdc91,559.0,1118.0,559.0
India,bf1f3e9,2023-11-03,5f46d16,559.0,1118.0,559.0
India,bf1f3e9,2023-11-03,d478a06,559.0,1118.0,559.0
India,bf1f3e9,2023-11-03,e636697,559.0,1118.0,559.0
India,bf1f3e9,2023-11-04,6e9b902,559.0,1118.0,559.0
India,bf1f3e9,2023-11-04,8eb6bc0,559.0,1118.0,559.0
India,bf1f3e9,2023-11-04,b8f8edf,559.0,1118.0,559.0
India,bf1f3e9,2023-11-04,e636697,559.0,1118.0,559.0
India,c03fdce,2023-11-04,58a3b4d,1073.64,2147.28,1073.64
India,c291259,2023-10-28,d0219b2,249.00000000000003,498.0,248.99999999999997
India,c39df43,2022-10-22,cfa1568,340.0,2040.0,1700.0
India,c4ed777,2022-11-11,32c05a7,251.88,2015.04,1763.1599999999999
India,cc58106,2022-11-01,ace8192,451.8,5421.599999999999,4969.799999999999
India,d16d9ed,2022-11-25,b2acf35,225.25,3378.75,3153.5
India,d307c78,2022-09-30,4ccec6b,3683.04,3683.0400000000004,4.547473508864641e-13
India,d307c78,2022-10-09,b646ea3,938.28,3683.04,2744.76
India,d40bab6,2022-10-27,c596f84,284.75,2278.0,1993.25
India,d40bab6,2022-11-04,2f00d97,284.5,2276.0,1991.5
India,d40bab6,2022-11-07,04ffd38,284.5,2276.0,1991.5
India,d425d54,2023-09-09,3e44eba,80.0,480.0,400.0
India,d425d54,2023-10-30,78cf630,165.0,495.0,330.0
India,d42b6af,2022-09-06,9bb72bd,386.4,393.76,7.360000000000014
India,d430372,2022-11-11,77928ee,403.85999999999996,403.86,5.684341886080802e-14
India,d5a16df,2023-11-03,ace8192,259.92,1039.68,779.76
India,d71a9ac,2023-09-10,86b6a8b,459.0,1836.0,1377.0
India,d71a9ac,2023-09-24,e89a633,459.0,1836.0,1377.0
India,d71a9ac,2023-11-04,9c193a0,459.0,1836.0,1377.0
India,d88a5ac,2023-09-18,85aa89a,228.36000000000004,2740.32,2511.96
India,da1a99b,2023-09-06,64e4ff9,178.8,1072.8,894.0
India,da23e33,2023-09-09,4da2aa9,565.8,1131.6,565.8
India,dc3fa4f,2023-09-29,663ef2b,293.15000000000003,1172.6000000000001,879.45
India,dccf602,2022-11-15,fb04e07,97.32,194.64,97.32
India,def167b,2023-09-18,d0219b2,513.5999999999999,3025.44,2511.84
India,dfa1545,2023-10-20,5177c8a,255.0,510.0,255.0
India,dfa1545,2023-11-22,a9fed01,209.0,418.0,209.0
India,e2764c1,2023-09-18,70a25f1,120.0,360.0,240.0
India,e92d0ab,2022-10-06,c1a7895,498.64,2948.88,2450.2400000000002
India,eadfaa7,2023-11-03,0f5f9b3,227.7,455.4,227.7
India,eadfaa7,2023-11-07,555e0e2,227.7,455.4,227.7
India,eba0832,2023-09-04,2e09be9,266.4,799.2,532.8000000000001
India,eba0832,2023-09-24,ace8192,528.4000000000001,792.6,264.19999999999993
India,ebbf829,2023-11-22,4e47a29,456.59999999999997,1793.04,1336.44
India,ee90f3e,2022-10-10,edde74d,476.72,1430.16,953.44
India,ee90f3e,2022-10-24,8a73ce5,476.72,1430.16,953.44
India,ee90f3e,2022-11-15,a5473fa,481.24,1443.72,962.48
India,eee6e9a,2023-10-02,fadbbba,362.6,725.2,362.6
India,f4bc443,2023-10-28,ae0e764,574.6,1723.8000000000002,1149.2000000000003
India,f5aad18,2022-10-28,bdc5ef8,558.2,1642.98,1084.78
India,fbe104a,2022-10-06,399a0ab,161.04,2415.6,2254.56
India,ff2a320,2022-09-15,9b930fe,364.29,2872.48,2508.19
India,ff2a320,2022-11-15,e37f59c,366.02,2928.16,2562.14
USA,0072cca,2023-09-04,22e1b06,710.0,2130.0,1420.0
USA,0072cca,2023-09-05,aac8368,710.0,2130.0,1420.0
USA,0072cca,2023-09-15,bf352a2,710.0,2130.0,1420.0
USA,0085272,2023-11-07,00f1f45,243.0,972.0,729.0
USA,013e90b,2023-09-19,5f1be69,397.98,795.96,397.98
USA,026766f,2022-09-10,9e7da4c,384.90000000000003,1511.04,1126.1399999999999
USA,02c1ca5,2023-10-03,9e7da4c,1001.55,1001.5500000000001,1.1368683772161603e-13
USA,02fe087,2023-11-03,fcd6484,500.52,1501.56,1001.04
USA,046b4e4,2022-09-07,a4920df,268.98,1048.56,779.5799999999999
USA,0934276,2022-10-17,859d07e,7691.2,7927.200000000001,236.0000000000009
USA,0934276,2022-11-04,5d45637,7677.2,7677.200000000001,9.094947017729282e-13
USA,0934276,2022-11-05,edb5c08,383.86,391.02,7.159999999999968
USA,0934276,2022-11-07,4e54eac,394.61999999999995,394.62,5.684341886080802e-14
USA,0a2e89c,2023-11-04,4a16287,564.0,1692.0,1128.0
USA,0cb987d,2023-09-05,b043eca,265.0,530.0,265.0
USA,0cb987d,2023-10-10,7b6c8f5,265.0,530.0,265.0
USA,0cb987d,2023-10-20,e649b62,265.0,530.0,265.0
USA,0ce1e21,2023-09-24,399133e,273.44,278.48,5.0400000000000205
USA,0ce1e21,2023-09-24,e667e19,273.44,278.48,5.0400000000000205
USA,0ce1e21,2023-09-24,f26bcca,273.44,278.48,5.0400000000000205
USA,0d22bf7,2022-11-01,9e7da4c,557.66,3345.96,2788.3
USA,0eeddec,2023-10-17,cb2b3b5,323.40000000000003,970.2,646.8
USA,0eeddec,2023-10-17,ec4820d,323.40000000000003,970.2,646.8
USA,0eeddec,2023-10-20,88f6e25,329.4,970.2,640.8000000000001
USA,123636f,2022-11-14,59eaaf3,217.42,7683.12,7465.7
USA,126419d,2023-09-04,f26bcca,137.06,274.12,137.06
USA,13d4857,2023-10-29,852bf94,920.08,1840.16,920.08
USA,142919f,2023-09-26,cbaa0b6,301.68,1206.72,905.04
USA,1524773,2023-11-22,9e7da4c,202.08,595.08,393.0
USA,15f1d08,2022-11-07,197e87c,227.28000000000003,909.12,681.8399999999999
USA,16b1cc1,2023-09-06,f26bcca,197.91,395.82,197.91
USA,1707089,2023-11-16,7a09b6f,497.0,1449.0,952.0
USA,1a6346c,2023-09-03,d8788a6,192.46,384.92,192.46
USA,1ad8949,2023-09-19,aac8368,345.12,2760.96,2415.84
USA,1b61cc7,2023-09-24,f26bcca,414.0,828.0,414.0
USA,1e72335,2023-09-03,77f032a,140.6,210.89999999999998,70.29999999999998
USA,1f604fd,2022-10-01,f3c7b62,451.99,5423.88,4971.89
USA,1fe441d,2023-11-16,94d502e,737.79,1475.58,737.79
USA,2141a7c,2022-11-17,276ee55,1240.55,3721.65,2481.1000000000004
USA,2281f84,2023-11-02,cbaa0b6,623.46,1246.92,623.46
USA,23db20f,2023-11-17,aac8368,484.52,1453.5600000000002,969.0400000000002
USA,27df528,2023-11-17,9e7da4c,369.05,6521.4,6152.349999999999
USA,2856c75,2023-10-02,97fafc3,648.1,1296.2,648.1
USA,2859ae8,2022-11-04,5d45637,375.76,2213.04,1837.28
USA,29b1cbe,2023-09-06,9652d4c,774.85,1549.7,774.85
USA,2c6ea60,2023-11-02,b399938,165.0,495.0,330.0
USA,2c93124,2023-11-07,60c80ac,363.42,1817.1,1453.6799999999998
USA,2c9a30a,2023-11-18,9f5288c,1250.92,2501.84,1250.92
USA,301733b,2023-09-15,9e7da4c,1305.36,3845.52,2540.16
USA,301733b,2023-11-17,9e7da4c,1271.52,3763.02,2491.5
USA,30c1d4d,2023-09-07,f26bcca,414.0,828.0,414.0
USA,30c1d4d,2023-09-24,f26bcca,414.0,828.0,414.0
USA,317607e,2023-09-16,f26bcca,213.6,427.2,213.6
USA,317607e,2023-11-03,197e87c,213.6,640.8,427.19999999999993
USA,322ef3a,2023-09-15,88c1fa4,188.4,1130.4,942.0000000000001
USA,33e9ca7,2023-10-03,1722473,228.6,914.4,685.8
USA,33e9ca7,2023-11-17,d810bbe,229.5,918.0,688.5
USA,3467665,2023-09-10,3a476f7,422.07,5064.84,4642.77
USA,3629233,2023-11-17,5d45637,1306.8000000000002,1306.8000000000004,2.2737367544323206e-13
USA,3629233,2023-11-17,f26bcca,326.70000000000005,1306.8000000000002,980.1000000000001
USA,36dbdf8,2023-09-24,df68f0d,297.0,594.0,297.0
USA,36dbdf8,2023-10-10,d597001,297.0,594.0,297.0
USA,37c07c3,2023-10-02,a634a9e,344.7,2068.2,1723.4999999999998
USA,380b808,2023-09-18,1a2dfe4,397.62,3180.96,2783.34
USA,380b808,2023-11-07,84cd0c0,383.52,3068.16,2684.64
USA,3abd6a5,2023-09-09,4a53fbf,435.0,852.5,417.5
USA,3e4f21a,2023-11-06,b9b0775,470.4,509.6,39.200000000000045
USA,400e4d8,2023-09-06,7ee4b4b,105.24,631.4399999999999,526.1999999999999
USA,400e4d8,2023-11-03,71e2e43,317.88,635.76,317.88
USA,41a0f58,2023-10-11,a92c875,367.79999999999995,1471.1999999999998,1103.3999999999999
USA,41a0f58,2023-11-04,45519a0,366.0,1464.0,1098.0
USA,41beb2d,2023-11-18,bfd2997,88.08,528.48,440.40000000000003
USA,434572f,2022-11-04,100232a,413.7,3309.6000000000004,2895.9000000000005
USA,44087c5,2022-09-10,cbf17bc,540.72,1591.92,1051.2
USA,46f943c,2023-11-18,6ac0f97,360.78,1443.12,1082.34
USA,4b3eeca,2022-09-26,3d890d3,2594.8799999999997,2594.88,4.547473508864641e-13
USA,4b8420e,2022-11-15,197e87c,310.9,4578.0,4267.1
USA,4d114e3,2023-09-19,5165966,293.04,879.1200000000001,586.0800000000002
USA,4d114e3,2023-10-11,ec1c9c5,294.48,883.4399999999999,588.9599999999999
USA,4f96ba9,2023-10-04,5f355ce,489.59999999999997,489.6,5.684341886080802e-14
USA,51f8507,2023-10-28,00f44c4,106.42,212.84,106.42
USA,51f8507,2023-10-28,b4e3db7,106.42,212.84,106.42
USA,5281497,2023-11-08,ca41cae,496.52,993.04,496.52
USA,5294411,2023-11-06,b9b0775,551.58,1103.16,551.58
USA,53a180e,2023-11-22,0d4609f,39.2,78.4,39.2
USA,5778589,2023-09-06,ed0f49f,552.0,4416.0,3864.0
USA,5778589,2023-09-30,19b09bb,558.8100000000001,4470.4800000000005,3911.6700000000005
USA,590b37b,2023-11-17,00f1f45,795.5999999999999,1591.1999999999998,795.5999999999999
USA,5b75713,2023-10-28,28b5609,73.98,147.96,73.98
USA,5c7951f,2022-11-17,f4c676c,431.76,6780.48,6348.719999999999
USA,5d80b14,2022-09-29,c20ec3b,573.3,6879.599999999999,6306.299999999999
USA,5ef89e9,2022-09-13,4a16287,255.81,2046.48,1790.67
USA,5ef89e9,2023-10-29,852bf94,496.98,1987.92,1490.94
USA,5ef89e9,2023-11-17,00f1f45,490.62,1962.48,1471.8600000000001
USA,5f9d80d,2023-10-16,5f355ce,1014.0,2028.0,1014.0
USA,604362f,2022-10-04,eb8a8cf,275.6,3858.4000000000005,3582.8000000000006
USA,6090125,2023-11-06,21fac88,780.9,2342.7,1561.7999999999997
USA,62af492,2022-11-01,5d45637,266.76,5335.2,5068.44
USA,6323dad,2022-11-25,d849eff,478.92,1915.68,1436.76
USA,63c2e37,2023-11-17,f26bcca,299.13,1196.52,897.39
USA,667cd93,2023-10-20,40e2a5c,562.5,1125.0,562.5
USA,6786c04,2023-09-06,ed0f49f,304.08,608.16,304.08
USA,682e209,2023-09-10,88f6e25,744.76,2924.0,2179.24
USA,6a031ce,2023-09-24,c527936,404.15999999999997,2380.32,1976.1600000000003
USA,6a72979,2022-11-07,4e54eac,2483.7599999999998,2483.76,4.547473508864641e-13
USA,6a77c1e,2022-09-05,1c56b27,400.32,800.64,400.32
USA,6b6ab13,2023-09-06,e742733,1003.44,1672.4,668.96
USA,6c2b70e,2023-09-05,b043eca,360.06,2160.36,1800.3000000000002
USA,6c3778b,2022-10-17,859d07e,6218.999999999999,6402.6,183.60000000000127
USA,6cde1ec,2023-10-29,6f8887e,314.82,629.64,314.82
USA,6cde1ec,2023-11-02,cbaa0b6,314.82,629.64,314.82
USA,6d54c00,2023-11-02,cbaa0b6,332.49,1329.96,997.47
USA,6dc62b4,2023-11-04,00f1f45,466.38,1865.52,1399.1399999999999
USA,72dd286,2023-09-07,c0514b8,595.5,1191.0,595.5
USA,7330980,2023-11-04,4a16287,466.56000000000006,466.5600000000001,5.684341886080802e-14
USA,7361288,2023-09-15,88c1fa4,405.4,810.8,405.4
USA,7361288,2023-10-30,206fb33,402.2,804.4,402.2
USA,7459b24,2023-10-28,00f44c4,455.0,1365.0,910.0
USA,7459b24,2023-11-04,4a16287,428.0,2568.0,2140.0
USA,74b58f1,2023-10-04,ec1c9c5,336.29999999999995,1345.1999999999998,1008.8999999999999
USA,77f1261,2022-10-03,158480c,5477.399999999999,5477.4,9.094947017729282e-13
USA,78910eb,2023-11-18,0d4743a,150.92,301.84,150.92
USA,79030aa,2022-10-03,be731fe,189.78,379.56,189.78
USA,7a5c6c2,2023-10-11,6ca5ba9,363.27,1453.08,1089.81
USA,7d0bc53,2022-09-13,24ea7e1,372.48,2234.88,1862.4
USA,7d7c734,2022-09-02,87da926,178.8,178.80000000000004,2.842170943040401e-14
USA,7edef23,2023-09-04,773d63e,622.3199999999999,7467.84,6845.52
USA,7fa8086,2023-10-01,544f4a6,237.2,948.8,711.5999999999999
USA,7fd54bb,2023-09-09,9e7da4c,234.68,1382.4000000000003,1147.7200000000003
USA,7fd84f5,2023-09-30,5d45637,402.6,1610.4,1207.8000000000002
USA,7ff9d5e,2023-11-08,f26bcca,341.04,682.08,341.04
USA,814ddc1,2023-11-18,6ac0f97,177.60000000000002,532.8000000000001,355.20000000000005
USA,8389e22,2023-11-04,1bca200,490.5,2943.0,2452.5
USA,83d5b7e,2023-11-18,0d4743a,550.55,1651.65,1101.1000000000001
USA,85a8c9e,2023-09-15,60c80ac,634.2,1902.6,1268.3999999999999
USA,8705857,2023-11-05,e5a9987,359.6,1078.8,719.1999999999999
USA,88dc37f,2022-09-10,295e624,466.3999999999999,466.4,5.684341886080802e-14
USA,8a112e3,2023-11-17,a4b21e3,1310.4,2620.8,1310.4
USA,8a53510,2023-09-15,ca41cae,225.0,450.0,225.0
USA,8a9517a,2022-11-05,edb5c08,7876.799999999999,7876.8,9.094947017729282e-13
USA,8bc33bd,2023-09-03,37ada23,414.9,829.8,414.9
USA,8bc33bd,2023-09-03,5dba6fd,420.0,829.8,409.79999999999995
USA,8bc33bd,2023-09-03,8db1424,414.9,829.8,414.9
USA,8bc33bd,2023-09-06,3446da2,414.9,829.8,414.9
USA,8bc33bd,2023-09-19,f26bcca,414.9,829.8,414.9
USA,8c90c45,2023-11-07,cbaa0b6,684.8100000000001,1369.62,684.8099999999998
USA,8c90c45,2023-11-30,3950422,684.8100000000001,1369.62,684.8099999999998
USA,90435d3,2023-09-30,2b9e47f,805.9,1611.8,805.9
USA,916df28,2023-11-22,88f6e25,530.7,1562.7599999999998,1032.0599999999997
USA,941d30b,2022-11-07,4a16287,320.2,5763.599999999999,5443.4
USA,9713f9d,2023-10-11,37ada23,182.0,273.0,91.0
USA,a1a6cfb,2023-10-16,5f355ce,1017.0,2034.0,1017.0
USA,a1a6cfb,2023-11-04,37ada23,915.3,1830.6000000000001,915.3000000000002
USA,a78f9d1,2023-11-16,6888e6d,195.0,390.0,195.0
USA,aa7e366,2022-11-18,5df61bc,100.8,201.6,100.8
USA,ab4e967,2023-11-18,3faf97c,195.84,587.52,391.67999999999995
USA,acc29ee,2022-09-28,197e87c,178.2,2316.6,2138.4
USA,aef53bb,2023-11-07,eded531,607.88,1823.64,1215.7600000000002
USA,af0d0c4,2022-09-08,8e125ba,508.8,4579.2,4070.3999999999996
USA,af15583,2023-10-29,852bf94,488.7,1954.8,1466.1
USA,b32c23e,2023-09-07,c0514b8,618.0,1236.0,618.0
USA,b457b05,2023-09-18,f26bcca,161.38,309.64,148.26
USA,b47a101,2023-11-04,94d502e,412.8,825.5999999999999,412.7999999999999
USA,b47a101,2023-11-04,c18945c,412.8,825.5999999999999,412.7999999999999
USA,b560fa8,2023-09-26,15746f2,396.0,792.0,396.0
USA,b885653,2023-09-07,c0514b8,429.54,1718.16,1288.6200000000001
USA,b8918b2,2023-11-17,00f1f45,311.1,622.2,311.1
USA,b8f39ad,2023-09-15,aac8368,583.2,1166.4,583.2
USA,b8f39ad,2023-11-07,881559d,585.44,1170.88,585.44
USA,b8f39ad,2023-11-17,f26bcca,586.56,1173.12,586.56
USA,b9da915,2023-11-04,852bf94,505.38,4043.0400000000004,3537.6600000000003
USA,b9da915,2023-11-06,7c81814,505.38,4043.04,3537.66
USA,b9e3e1b,2023-09-06,08ecf2d,362.9,1451.6,1088.6999999999998
USA,b9e3e1b,2023-09-10,ca41cae,363.3,1453.1999999999998,1089.8999999999999
USA,b9e3e1b,2023-10-03,64164b8,727.0,1427.6,700.5999999999999
USA,b9e3e1b,2023-11-03,9e7da4c,719.0,1438.0,719.0
USA,b9e3e1b,2023-11-03,bb6df34,719.0,1438.0,719.0
USA,bc08c84,2023-10-29,76bbc83,198.0,396.0,198.0
USA,bc08c84,2023-11-18,0d4743a,198.0,396.0,198.0
USA,bcc8c2e,2023-09-09,f26bcca,140.6,210.9,70.30000000000001
USA,bd7c360,2022-09-15,f3c7b62,666.0,3996.0,3330.0
USA,bd7c360,2022-10-13,bc3c72d,666.0,3996.0,3330.0
USA,bd7c360,2022-10-31,f2f24c2,335.5,4026.0,3690.5
USA,bd7c360,2022-11-04,773d63e,335.5,4026.0,3690.5
USA,bf0464f,2023-11-20,c32e268,281.84,553.28,271.44
USA,bf1f3e9,2023-09-15,6f9af22,574.6,1128.4,553.8000000000001
USA,bf1f3e9,2023-09-15,7ee4b4b,574.6,1128.4,553.8000000000001
USA,bf1f3e9,2023-09-15,9f5288c,564.2,1128.4,564.2
USA,bf1f3e9,2023-09-15,9ff5def,564.2,1128.4,564.2
USA,bf1f3e9,2023-09-15,d6ba5f5,564.2,1128.4,564.2
USA,bf1f3e9,2023-10-03,53f5928,553.8000000000001,1107.6,553.7999999999998
USA,bf1f3e9,2023-10-03,852bf94,553.8000000000001,1107.6,553.7999999999998
USA,bf1f3e9,2023-11-03,1eceeed,559.6,1119.2,559.6
USA,bf1f3e9,2023-11-03,22e1b06,559.6,1119.2,559.6
USA,bf1f3e9,2023-11-03,819753d,559.6,1119.2,559.6
USA,bf1f3e9,2023-11-03,a9198be,559.6,1119.2,559.6
USA,bf1f3e9,2023-11-03,b4990e0,559.6,1119.2,559.6
USA,bf1f3e9,2023-11-03,b8126ac,559.6,1119.2,559.6
USA,bf1f3e9,2023-11-03,bc8d361,559.6,1119.2,559.6
USA,bf1f3e9,2023-11-03,d597001,559.6,1119.2,559.6
USA,bf1f3e9,2023-11-03,d810bbe,559.6,1119.2,559.6
USA,bfc3c7a,2023-09-03,d8788a6,192.46,384.92,192.46
USA,bfce651,2023-10-17,f26bcca,456.0,912.0,456.0
USA,c03fdce,2022-10-17,859d07e,285.15000000000003,4538.88,4253.7300000000005
USA,c397240,2023-11-07,e74fa4c,82.5,247.5,165.0
USA,c653401,2023-09-19,6f8887e,552.0,1656.0,1104.0
USA,c7500ba,2023-11-04,9e7da4c,358.05,1054.35,696.3
USA,ca96906,2023-11-17,f26bcca,688.5,1377.0,688.5
USA,cc58106,2022-10-21,5d45637,5106.960000000001,5381.28,274.3199999999988
USA,cc8f2ec,2023-11-18,3faf97c,207.9,415.8,207.9
USA,cd11864,2022-11-04,86234b5,332.52,5261.76,4929.24
USA,cf22701,2022-11-14,1b198a3,524.32,3145.92,2621.6
USA,d0990b0,2023-09-26,d1b30bb,252.0,1008.0,756.0
USA,d0990b0,2023-11-04,37ada23,261.0,1044.0,783.0
USA,d280120,2022-11-04,86234b5,498.84,3940.8,3441.96
USA,d337a15,2023-09-30,edb5c08,836.5999999999999,1673.1999999999998,836.5999999999999
USA,d4bb2a7,2023-10-28,28b5609,524.14,1048.28,524.14
USA,d71a9ac,2023-09-18,a4b21e3,459.0,1836.0,1377.0
USA,d71a9ac,2023-10-11,cbaa0b6,462.84,1851.36,1388.52
USA,d71a9ac,2023-10-28,cbaa0b6,462.84,1851.36,1388.52
USA,d71a9ac,2023-11-03,88f6e25,462.84,1851.36,1388.52
USA,d79ccc7,2023-09-03,b4d5307,757.05,4542.3,3785.25
USA,d8218fb,2022-09-23,ba65872,355.68,1422.72,1067.04
USA,d88a5ac,2022-11-04,5d45637,2836.7999999999997,2836.8,4.547473508864641e-13
USA,d88a5ac,2023-11-05,f26bcca,232.79999999999998,232.8,2.842170943040401e-14
USA,d8df7a7,2022-09-26,f3c7b62,4094.97,4094.9700000000003,4.547473508864641e-13
USA,d9a50c3,2023-11-16,6c1832b,247.5,495.0,247.5
USA,dc3fa4f,2023-10-02,c5c040d,351.78000000000003,1407.12,1055.34
USA,de3202d,2023-11-16,88f6e25,457.38,891.0,433.62
USA,df29471,2022-11-01,c20ec3b,327.32,1904.04,1576.72
USA,e05485d,2022-11-07,3ef4cdc,687.4200000000001,2076.18,1388.7599999999998
USA,e251e40,2023-10-04,5f355ce,362.6,725.2,362.6
USA,e3846ce,2023-11-03,4a756b1,547.36,3284.16,2736.7999999999997
USA,e3846ce,2023-11-04,88f6e25,2186.56,3279.84,1093.2800000000002
USA,e3846ce,2023-11-07,00f1f45,546.64,3279.84,2733.2000000000003
USA,e3f49f9,2023-11-19,f9185d7,368.0,1104.0,736.0
USA,e4b3063,2023-09-04,22e1b06,395.09999999999997,3160.8,2765.7000000000003
USA,e8ec3e6,2022-10-18,7b2c0a5,582.75,1748.25,1165.5
USA,e9ab654,2023-10-28,6304472,406.92,813.84,406.92
USA,eb4e592,2023-09-30,28b5609,574.6,1723.8000000000002,1149.2000000000003
USA,ebc354c,2023-11-03,88f6e25,1135.5,1589.7,454.20000000000005
USA,edda2d7,2022-09-15,7b0a740,425.15999999999997,425.16,5.684341886080802e-14
USA,f2206ca,2022-09-24,e9c8a05,284.76,2278.08,1993.32
USA,f2d1ed7,2022-10-03,9e7da4c,254.66,259.42,4.760000000000019
USA,f3e2fd1,2023-10-03,4f2ecdc,202.26,1415.82,1213.56
USA,f4000a3,2022-11-01,a4920df,106.7,213.4,106.7
USA,f4182aa,2023-10-29,c8db445,448.79999999999995,1795.1999999999998,1346.3999999999999
USA,f4bc443,2023-11-16,710c7f5,574.6,1723.8000000000002,1149.2000000000003
USA,f5ea154,2023-09-24,df68f0d,257.48,3089.76,2832.28
USA,f836732,2023-11-02,6f2de3a,112.5,450.0,337.5
USA,f83cd6f,2023-11-16,aba673e,174.0,696.0,522.0
USA,f83cd6f,2023-11-17,d2e6046,174.0,696.0,522.0
USA,f9a085a,2023-11-22,c8f6f7e,410.52,1642.08,1231.56
USA,fc70fe1,2022-11-14,59eaaf3,553.02,4424.16,3871.14
USA,fd6e94c,2023-11-08,bb687d5,864.96,1729.9200000000003,864.9600000000003
USA,ff1ae2e,2023-11-22,cbaa0b6,258.78000000000003,1552.68,1293.9
United Kingdom,0072cca,2022-09-08,33020ea,705.0,2115.0,1410.0
United Kingdom,0072cca,2022-11-09,e7307d0,710.0,2130.0,1420.0
United Kingdom,0072cca,2023-09-24,bf2f0e6,710.0,2130.0,1420.0
United Kingdom,0072cca,2023-10-28,88d1262,715.0,2145.0,1430.0
United Kingdom,02c1ca5,2023-10-17,08e66cf,333.84999999999997,1001.55,667.7
United Kingdom,02e979a,2022-11-04,e3926ce,3063.6000000000004,3065.52,1.919999999999618
United Kingdom,030c4f4,2023-09-05,1299090,382.62,765.24,382.62
United Kingdom,030c4f4,2023-10-16,adee6f2,384.78,769.56,384.78
United Kingdom,0473e88,2023-10-01,1d505f1,703.8,2815.2,2111.3999999999996
United Kingdom,07ce74d,2023-10-20,6af0e35,603.9,1811.6999999999998,1207.7999999999997
United Kingdom,095b239,2022-11-04,5f84fc3,456.24,5268.72,4812.4800000000005
United Kingdom,0ce1e21,2023-10-16,b8fc167,136.72,273.44,136.72
United Kingdom,163505f,2022-10-31,e7307d0,496.68,4966.8,4470.12
United Kingdom,20a8667,2023-11-08,0db6700,220.0,440.0,220.0
United Kingdom,21090f1,2023-09-10,e7307d0,223.3,446.59999999999997,223.29999999999995
United Kingdom,2248fc4,2023-09-07,1838a57,212.39999999999998,424.8,212.40000000000003
United Kingdom,23179da,2023-11-08,024ab0b,177.80000000000004,533.4000000000001,355.6
United Kingdom,23d418b,2022-10-17,28eea71,453.66,3629.28,3175.6200000000003
United Kingdom,23db20f,2023-10-30,2bb9d61,371.7,1459.92,1088.22
United Kingdom,2422acc,2023-11-20,41d5407,351.06,4135.68,3784.6200000000003
United Kingdom,2600558,2023-09-18,85062f2,140.0,280.0,140.0
United Kingdom,2601a90,2022-09-02,cc5e69c,330.9,992.7,661.8000000000001
United Kingdom,29467fc,2023-09-03,029af6f,720.0,2160.0,1440.0
United Kingdom,29b1cbe,2023-11-05,6af0e35,619.76,1239.52,619.76
United Kingdom,2ac2a56,2023-11-16,db93f8d,172.28,344.56,172.28
United Kingdom,2c93124,2023-09-29,34cc317,361.44,1807.2,1445.76
United Kingdom,30b7ede,2022-09-13,a3ddd4f,223.2,227.45999999999995,4.2599999999999625
United Kingdom,31ea234,2023-10-16,df88b66,288.0,576.0,288.0
United Kingdom,33e9ca7,2023-10-02,7b81472,228.6,914.4,685.8
United Kingdom,36dbdf8,2023-11-06,1570d7f,297.0,594.0,297.0
United Kingdom,38d6029,2022-11-21,673f4d4,483.2,1449.6,966.3999999999999
United Kingdom,3f3a44a,2022-11-01,630372e,582.33,2259.84,1677.5100000000002
United Kingdom,3f7f928,2022-09-28,33020ea,481.83,4728.9,4247.07
United Kingdom,45c1f0e,2023-09-07,bd59801,954.63,3818.52,2863.89
United Kingdom,47277ee,2022-10-31,ff3229b,485.92,490.44,4.519999999999982
United Kingdom,474bd87,2023-11-22,4b9c070,1499.28,2248.92,749.6400000000001
United Kingdom,4a85ea3,2022-09-30,e7307d0,304.86,2438.88,2134.02
United Kingdom,4b41d91,2023-11-06,9cb5130,513.12,1026.24,513.12
United Kingdom,4e445e0,2023-10-28,109d0c5,101.45,202.9,101.45
United Kingdom,506e822,2023-11-19,34cc3f3,128.7,257.4,128.7
United Kingdom,51f8507,2023-11-06,253f5e9,106.42,212.84,106.42
United Kingdom,5551307,2023-11-16,08e66cf,320.0,640.0,320.0
United Kingdom,569dcbd,2022-10-03,91b9254,69.4,70.7,1.2999999999999972
United Kingdom,56bcedb,2022-09-10,e7307d0,412.08,2472.4800000000005,2060.4000000000005
United Kingdom,59e4c3b,2022-11-01,630372e,438.1,2550.24,2112.14
United Kingdom,5b75713,2022-11-21,bdc234c,239.58,479.16,239.58
United Kingdom,5b75713,2023-10-30,a724207,73.98,147.96,73.98
United Kingdom,5ec5d11,2023-09-06,de616f2,416.0,6482.56,6066.56
United Kingdom,62b911e,2023-11-16,65a65ad,583.2,3499.2000000000003,2916.0
United Kingdom,6323dad,2022-09-27,33020ea,483.12,1896.24,1413.12
United Kingdom,6323dad,2022-09-28,f3fe23d,483.12,1896.24,1413.12
United Kingdom,63d2ac1,2023-10-03,1838a57,160.0,320.0,160.0
United Kingdom,63d2ac1,2023-11-16,0207f40,160.0,320.0,160.0
United Kingdom,63f0e3c,2022-09-13,f77f255,394.56000000000006,789.1200000000001,394.56000000000006
United Kingdom,65c18a8,2023-11-02,4864c1f,680.0,3400.0,2720.0
United Kingdom,6b6ab13,2023-09-03,fbf975a,836.2,1672.4,836.2
United Kingdom,6b6ab13,2023-09-06,08e66cf,836.2,1672.4,836.2
United Kingdom,6b6ab13,2023-10-02,08e66cf,836.2,1672.4,836.2
United Kingdom,6bceea2,2023-10-10,4a23f45,99.4,596.4000000000001,497.0000000000001
United Kingdom,6c3778b,2022-11-29,864cd3a,364.09999999999997,364.1,5.684341886080802e-14
United Kingdom,6dc62b4,2023-11-20,41d5407,232.05,928.2,696.1500000000001
United Kingdom,7039bf5,2023-09-18,34cc3f3,108.9,217.8,108.9
United Kingdom,73780de,2023-11-07,62d3c40,413.82,827.64,413.82
United Kingdom,76249c4,2023-10-02,864cd3a,1814.4,1814.4000000000003,2.2737367544323206e-13
United Kingdom,77f1261,2022-10-06,e7307d0,305.40000000000003,5497.2,5191.8
United Kingdom,77f1261,2022-11-04,25bd160,5468.4,5521.5,53.100000000000364
United Kingdom,7abc5ba,2022-10-31,e7307d0,653.8,1961.4,1307.6000000000001
United Kingdom,7c90d1d,2022-09-28,33020ea,256.79999999999995,504.84,248.04000000000002
United Kingdom,7c90d1d,2022-09-28,b018324,256.79999999999995,504.84,248.04000000000002
United Kingdom,7cdee06,2022-10-09,b83ba3a,400.0800000000001,9601.920000000002,9201.840000000002
United Kingdom,7d61357,2023-11-06,7289854,237.66,475.32,237.66
United Kingdom,806da04,2023-09-07,253f5e9,204.0,612.0,408.0
United Kingdom,806da04,2023-10-17,8752fff,102.0,612.0,510.0
United Kingdom,8209efd,2022-09-06,04a04f1,385.0,4500.0,4115.0
United Kingdom,82455ee,2023-10-16,34cc3f3,275.0,550.0,275.0
United Kingdom,85a8c9e,2023-10-20,a581853,761.28,761.2800000000001,1.1368683772161603e-13
United Kingdom,8705857,2023-10-30,de616f2,359.6,431.52,71.91999999999996
United Kingdom,8ae416a,2023-10-16,d747bf0,517.6,2070.4,1552.8000000000002
United Kingdom,8b4aeaf,2022-11-07,a26f099,315.36,630.72,315.36
United Kingdom,90435d3,2023-10-30,06f8a4a,801.98,1603.96,801.98
United Kingdom,90435d3,2023-11-17,d775c8d,787.8,1575.6,787.8
United Kingdom,943037c,2023-09-01,8b3eea6,236.0,472.0,236.0
United Kingdom,967c1ac,2022-10-10,618e7d7,217.76,1959.84,1742.08
United Kingdom,976a371,2022-11-21,fa3e4ba,253.02,257.82,4.799999999999983
United Kingdom,9856229,2023-10-04,bb30c27,225.0,450.0,225.0
United Kingdom,99ead7a,2023-11-06,d525b4e,483.0,966.0,483.0
United Kingdom,9a10d79,2023-11-18,008446b,246.0,1968.0,1722.0
United Kingdom,9a10d79,2023-11-18,e7307d0,246.0,1968.0,1722.0
United Kingdom,9ab9008,2023-11-18,dea6761,231.0,924.0,693.0
United Kingdom,a053378,2023-11-30,0cd04a0,475.68,951.36,475.68
United Kingdom,a41b3e3,2023-10-16,930d9c4,210.0,840.0,630.0
United Kingdom,a6631be,2022-09-02,f3fe23d,365.9,712.8,346.9
United Kingdom,a6631be,2023-11-08,71879de,376.2,752.4,376.2
United Kingdom,a9b1b8e,2022-09-28,33020ea,593.4000000000001,593.4000000000002,1.1368683772161603e-13
United Kingdom,aa61eaa,2022-09-07,33020ea,546.0,8544.0,7998.0
United Kingdom,aa61eaa,2022-09-10,33020ea,546.0,8544.0,7998.0
United Kingdom,aa61eaa,2023-10-16,6b21d3c,1134.0,9072.0,7938.0
United Kingdom,ab3fc92,2023-10-10,a941e8a,542.65,2170.6,1627.9499999999998
United Kingdom,ac0b4a0,2023-11-06,4cb4322,299.07,598.14,299.07
United Kingdom,acc29ee,2022-09-27,6947b2f,186.11999999999998,2316.6,2130.48
United Kingdom,af0d0c4,2022-10-31,e7307d0,504.74,4542.66,4037.92
United Kingdom,af44187,2023-11-17,f10bba0,284.75,569.5,284.75
United Kingdom,af56d0d,2022-09-13,f77f255,286.2,1717.2,1431.0
United Kingdom,af97e82,2023-09-06,3757422,294.0,588.0,294.0
United Kingdom,b10c8e8,2022-10-30,c5aa610,350.97,2105.82,1754.8500000000001
United Kingdom,b26276d,2023-10-02,91248c2,750.0,6000.0,5250.0
United Kingdom,b267da9,2023-11-02,099a2ec,600.6,900.9,300.29999999999995
United Kingdom,b267da9,2023-11-03,c0b48bf,600.6,900.9,300.29999999999995
United Kingdom,b28b97e,2023-11-02,51c77de,286.38,1145.52,859.14
United Kingdom,b32c23e,2023-09-04,7c6ea44,618.0,1236.0,618.0
United Kingdom,b48ceb1,2023-11-08,2200596,262.64,525.28,262.64
United Kingdom,b4950c3,2023-11-02,307ea3b,351.4,1757.0,1405.6
United Kingdom,b709465,2023-10-20,6af0e35,313.44,626.88,313.44
United Kingdom,bb1a1d4,2022-11-11,d383e71,276.4,829.1999999999999,552.8
United Kingdom,bbfa50e,2023-09-30,dd09282,201.6,604.8000000000001,403.20000000000005
United Kingdom,bc08c84,2023-09-26,4bf436d,198.0,396.0,198.0
United Kingdom,bc08c84,2023-10-02,450a73e,198.0,396.0,198.0
United Kingdom,bd7c360,2022-09-02,04a04f1,333.0,3996.0,3663.0
United Kingdom,bd7c360,2022-09-05,91834ea,337.0,3996.0,3659.0
United Kingdom,bd7c360,2022-11-13,303f52c,335.5,4026.0,3690.5
United Kingdom,bd7c360,2023-09-24,e7307d0,990.0,3960.0,2970.0
United Kingdom,bd7c360,2023-11-06,f3d8391,1980.0,3960.0,1980.0
United Kingdom,c1c8bcb,2023-09-06,f7096f8,442.75,885.5,442.75
United Kingdom,c99750f,2023-10-10,a941e8a,371.25,742.5,371.25
United Kingdom,cc93459,2022-10-02,65a65ad,244.26,488.52,244.26
United Kingdom,d0990b0,2023-09-29,c90f1e2,252.0,504.0,252.0
United Kingdom,d0990b0,2023-11-07,6528e6c,261.0,1044.0,783.0
United Kingdom,d178d9c,2022-10-03,fdc5636,415.65,816.0,400.35
United Kingdom,d178d9c,2023-11-06,873ecda,137.05,822.3,685.25
United Kingdom,d337a15,2023-09-06,08e66cf,837.0999999999999,1674.1999999999998,837.0999999999999
United Kingdom,d337a15,2023-09-06,613ae6c,837.0999999999999,1674.1999999999998,837.0999999999999
United Kingdom,d337a15,2023-10-02,08e66cf,836.5999999999999,1673.1999999999998,836.5999999999999
United Kingdom,d40bab6,2023-09-06,8e10dd9,294.0,882.0,588.0
United Kingdom,d5fe147,2023-09-06,8a10037,342.0,684.0,342.0
United Kingdom,d5fe147,2023-10-28,f76ef98,342.0,684.0,342.0
United Kingdom,d71a9ac,2023-10-28,e790185,459.0,1836.0,1377.0
United Kingdom,d954b03,2023-09-03,39cc461,470.13,1880.52,1410.3899999999999
United Kingdom,d954b03,2023-09-10,134c443,470.13,1880.52,1410.3899999999999
United Kingdom,e08addd,2023-09-03,fbf975a,829.6500000000001,1659.3000000000002,829.6500000000001
United Kingdom,e08addd,2023-09-06,08e66cf,829.6500000000001,1659.3000000000002,829.6500000000001
United Kingdom,e08addd,2023-10-02,08e66cf,829.35,1658.7,829.35
United Kingdom,e23c599,2023-09-05,32738ef,1038.0,4152.0,3114.0
United Kingdom,e251e40,2023-10-30,9ad68ff,347.06,694.12,347.06
United Kingdom,e9198f0,2023-10-16,4b4004d,439.68,1758.72,1319.04
United Kingdom,e92d0ab,2022-09-09,fbf975a,408.63,3208.08,2799.45
United Kingdom,edd958d,2022-09-16,ba1f7e1,97.68,1953.6,1855.9199999999998
United Kingdom,edda2d7,2022-09-27,33020ea,207.78000000000003,1631.04,1423.26
United Kingdom,edda2d7,2022-09-28,f3fe23d,207.78000000000003,1631.04,1423.26
United Kingdom,edda2d7,2022-10-28,7d36b38,203.88,1631.04,1427.1599999999999
United Kingdom,f05e750,2022-09-06,33020ea,810.0,830.0,20.0
United Kingdom,f1213dc,2023-09-03,b356c17,306.0,612.0,306.0
United Kingdom,f2206ca,2022-09-27,33020ea,290.16,2278.08,1987.9199999999998
United Kingdom,f4575a8,2023-09-26,06f8a4a,438.0,876.0,438.0
United Kingdom,f4575a8,2023-09-29,de616f2,438.0,876.0,438.0
United Kingdom,f4dc611,2023-10-04,bb30c27,225.0,450.0,225.0
United Kingdom,f5018d0,2022-10-03,cc08a4e,262.20000000000005,524.4000000000001,262.20000000000005
United Kingdom,fe5f693,2023-10-16,d747bf0,746.25,2985.0,2238.75
United Kingdom,ff6984b,2022-10-28,e7307d0,415.65,2039.25,1623.6
United Kingdom,ffc1266,2022-11-09,e7307d0,477.77,5733.24,5255.469999999999
